<?xml version="1.0"?>
<EmbeddedProfile xmlns:xsi="http://www.w3.org/2001/XMLSchema-instance" xmlns:xsd="http://www.w3.org/2001/XMLSchema">
  <ToolchainID>com.visualgdb.arm-eabi</ToolchainID>
  <ToolchainVersion>
    <GCC>9.3.1</GCC>
    <GDB>9.2.0</GDB>
    <Revision>2</Revision>
  </ToolchainVersion>
  <BspID>com.sysprogs.arm.stm32</BspID>
  <BspVersion>2019.06</BspVersion>
  <McuID>STM32F072CB</McuID>
  <MCUDefinitionFile>STM32F0xxxx/DeviceDefinitions/stm32f072xb.xml</MCUDefinitionFile>
  <MCUProperties>
    <Entries>
      <KeyValue>
        <Key>com.sysprogs.mcuoptions.ignore_startup_file</Key>
        <Value />
      </KeyValue>
      <KeyValue>
        <Key>com.sysprogs.toolchainoptions.arm.libctype</Key>
        <Value>--specs=nano.specs</Value>
      </KeyValue>
      <KeyValue>
        <Key>com.sysprogs.toolchainoptions.arm.syscallspecs</Key>
        <Value>--specs=nosys.specs</Value>
      </KeyValue>
    </Entries>
  </MCUProperties>
  <BSPSourceFolderName>Device-specific files</BSPSourceFolderName>
  <MCUMakFile>stm32.mak</MCUMakFile>
  <ReferencedFrameworks />
  <FrameworkProperties>
    <Entries />
  </FrameworkProperties>
  <TestFrameworkProperties>
    <Entries />
  </TestFrameworkProperties>
  <ImportedProject>
    <ImporterID>com.sysprogs.project_importers.stm32.cubemx</ImporterID>
    <RelativeProjectPath>..\DiCiChuanGanQi.gpdsc</RelativeProjectPath>
    <AllDependencies>
      <ProjectDependency>
        <RelativePath>..\DiCiChuanGanQi.gpdsc</RelativePath>
        <Timestamp>132489372528343906</Timestamp>
      </ProjectDependency>
    </AllDependencies>
    <RootDirectory>
      <Subdirectories>
        <VirtualDirectorySnapshot>
          <Name>CORE</Name>
          <Files>
            <VirtualFileSnapshot>
              <RelativePath>..\Drivers\CMSIS\Include\core_cm0.h</RelativePath>
            </VirtualFileSnapshot>
          </Files>
        </VirtualDirectorySnapshot>
        <VirtualDirectorySnapshot>
          <Name>Startup</Name>
          <Files>
            <VirtualFileSnapshot>
              <RelativePath>..\Drivers\CMSIS\Device\ST\STM32F0xx\Include\stm32f0xx.h</RelativePath>
            </VirtualFileSnapshot>
            <VirtualFileSnapshot>
              <RelativePath>..\Drivers\CMSIS\Device\ST\STM32F0xx\Include\system_stm32f0xx.h</RelativePath>
            </VirtualFileSnapshot>
            <VirtualFileSnapshot>
              <RelativePath>..\Drivers\CMSIS\Device\ST\STM32F0xx\Source\Templates\system_stm32f0xx.c</RelativePath>
            </VirtualFileSnapshot>
          </Files>
        </VirtualDirectorySnapshot>
        <VirtualDirectorySnapshot>
          <Name>STM32Cube HAL</Name>
          <Subdirectories>
            <VirtualDirectorySnapshot>
              <Name>COMMON</Name>
              <Files>
                <VirtualFileSnapshot>
                  <RelativePath>..\Drivers\STM32F0xx_HAL_Driver\Inc\stm32f0xx_hal.h</RelativePath>
                </VirtualFileSnapshot>
                <VirtualFileSnapshot>
                  <RelativePath>..\Drivers\STM32F0xx_HAL_Driver\Src\stm32f0xx_hal.c</RelativePath>
                </VirtualFileSnapshot>
                <VirtualFileSnapshot>
                  <RelativePath>..\Drivers\STM32F0xx_HAL_Driver\Inc\stm32f0xx_hal.h</RelativePath>
                </VirtualFileSnapshot>
                <VirtualFileSnapshot>
                  <RelativePath>..\Drivers\STM32F0xx_HAL_Driver\Inc\stm32f0xx_hal.h</RelativePath>
                </VirtualFileSnapshot>
                <VirtualFileSnapshot>
                  <RelativePath>..\Drivers\STM32F0xx_HAL_Driver\Inc\stm32f0xx_hal_def.h</RelativePath>
                </VirtualFileSnapshot>
                <VirtualFileSnapshot>
                  <RelativePath>..\Drivers\STM32F0xx_HAL_Driver\Src\stm32f0xx_hal.c</RelativePath>
                </VirtualFileSnapshot>
                <VirtualFileSnapshot>
                  <RelativePath>..\Drivers\STM32F0xx_HAL_Driver\Inc\Legacy\stm32_hal_legacy.h</RelativePath>
                </VirtualFileSnapshot>
                <VirtualFileSnapshot>
                  <RelativePath>..\Drivers\STM32F0xx_HAL_Driver\Inc\stm32f0xx_hal_i2c.h</RelativePath>
                </VirtualFileSnapshot>
                <VirtualFileSnapshot>
                  <RelativePath>..\Drivers\STM32F0xx_HAL_Driver\Src\stm32f0xx_hal_i2c.c</RelativePath>
                </VirtualFileSnapshot>
                <VirtualFileSnapshot>
                  <RelativePath>..\Drivers\STM32F0xx_HAL_Driver\Inc\stm32f0xx_hal_i2c_ex.h</RelativePath>
                </VirtualFileSnapshot>
                <VirtualFileSnapshot>
                  <RelativePath>..\Drivers\STM32F0xx_HAL_Driver\Src\stm32f0xx_hal_i2c_ex.c</RelativePath>
                </VirtualFileSnapshot>
              </Files>
            </VirtualDirectorySnapshot>
            <VirtualDirectorySnapshot>
              <Name>IWDG</Name>
              <Files>
                <VirtualFileSnapshot>
                  <RelativePath>..\Drivers\STM32F0xx_HAL_Driver\Inc\stm32f0xx_hal_iwdg.h</RelativePath>
                </VirtualFileSnapshot>
                <VirtualFileSnapshot>
                  <RelativePath>..\Drivers\STM32F0xx_HAL_Driver\Src\stm32f0xx_hal_iwdg.c</RelativePath>
                </VirtualFileSnapshot>
              </Files>
            </VirtualDirectorySnapshot>
            <VirtualDirectorySnapshot>
              <Name>RCC</Name>
              <Files>
                <VirtualFileSnapshot>
                  <RelativePath>..\Drivers\STM32F0xx_HAL_Driver\Inc\stm32f0xx_hal_rcc.h</RelativePath>
                </VirtualFileSnapshot>
                <VirtualFileSnapshot>
                  <RelativePath>..\Drivers\STM32F0xx_HAL_Driver\Inc\stm32f0xx_hal_rcc_ex.h</RelativePath>
                </VirtualFileSnapshot>
                <VirtualFileSnapshot>
                  <RelativePath>..\Drivers\STM32F0xx_HAL_Driver\Src\stm32f0xx_hal_rcc.c</RelativePath>
                </VirtualFileSnapshot>
                <VirtualFileSnapshot>
                  <RelativePath>..\Drivers\STM32F0xx_HAL_Driver\Src\stm32f0xx_hal_rcc_ex.c</RelativePath>
                </VirtualFileSnapshot>
              </Files>
            </VirtualDirectorySnapshot>
            <VirtualDirectorySnapshot>
              <Name>CORTEX</Name>
              <Files>
                <VirtualFileSnapshot>
                  <RelativePath>..\Drivers\STM32F0xx_HAL_Driver\Inc\stm32f0xx_hal_cortex.h</RelativePath>
                </VirtualFileSnapshot>
                <VirtualFileSnapshot>
                  <RelativePath>..\Drivers\STM32F0xx_HAL_Driver\Src\stm32f0xx_hal_cortex.c</RelativePath>
                </VirtualFileSnapshot>
              </Files>
            </VirtualDirectorySnapshot>
            <VirtualDirectorySnapshot>
              <Name>TIM</Name>
              <Files>
                <VirtualFileSnapshot>
                  <RelativePath>..\Drivers\STM32F0xx_HAL_Driver\Inc\stm32f0xx_hal_tim.h</RelativePath>
                </VirtualFileSnapshot>
                <VirtualFileSnapshot>
                  <RelativePath>..\Drivers\STM32F0xx_HAL_Driver\Src\stm32f0xx_hal_tim.c</RelativePath>
                </VirtualFileSnapshot>
                <VirtualFileSnapshot>
                  <RelativePath>..\Drivers\STM32F0xx_HAL_Driver\Inc\stm32f0xx_hal_tim_ex.h</RelativePath>
                </VirtualFileSnapshot>
                <VirtualFileSnapshot>
                  <RelativePath>..\Drivers\STM32F0xx_HAL_Driver\Src\stm32f0xx_hal_tim_ex.c</RelativePath>
                </VirtualFileSnapshot>
              </Files>
            </VirtualDirectorySnapshot>
            <VirtualDirectorySnapshot>
              <Name>UART</Name>
              <Files>
                <VirtualFileSnapshot>
                  <RelativePath>..\Drivers\STM32F0xx_HAL_Driver\Inc\stm32f0xx_hal_uart.h</RelativePath>
                </VirtualFileSnapshot>
                <VirtualFileSnapshot>
                  <RelativePath>..\Drivers\STM32F0xx_HAL_Driver\Inc\stm32f0xx_hal_uart_ex.h</RelativePath>
                </VirtualFileSnapshot>
                <VirtualFileSnapshot>
                  <RelativePath>..\Drivers\STM32F0xx_HAL_Driver\Src\stm32f0xx_hal_uart.c</RelativePath>
                </VirtualFileSnapshot>
                <VirtualFileSnapshot>
                  <RelativePath>..\Drivers\STM32F0xx_HAL_Driver\Src\stm32f0xx_hal_uart_ex.c</RelativePath>
                </VirtualFileSnapshot>
              </Files>
            </VirtualDirectorySnapshot>
            <VirtualDirectorySnapshot>
              <Name>DMA</Name>
              <Files>
                <VirtualFileSnapshot>
                  <RelativePath>..\Drivers\STM32F0xx_HAL_Driver\Inc\stm32f0xx_hal_dma_ex.h</RelativePath>
                </VirtualFileSnapshot>
                <VirtualFileSnapshot>
                  <RelativePath>..\Drivers\STM32F0xx_HAL_Driver\Inc\stm32f0xx_hal_dma.h</RelativePath>
                </VirtualFileSnapshot>
                <VirtualFileSnapshot>
                  <RelativePath>..\Drivers\STM32F0xx_HAL_Driver\Src\stm32f0xx_hal_dma.c</RelativePath>
                </VirtualFileSnapshot>
              </Files>
            </VirtualDirectorySnapshot>
            <VirtualDirectorySnapshot>
              <Name>PWR</Name>
              <Files>
                <VirtualFileSnapshot>
                  <RelativePath>..\Drivers\STM32F0xx_HAL_Driver\Inc\stm32f0xx_hal_pwr.h</RelativePath>
                </VirtualFileSnapshot>
                <VirtualFileSnapshot>
                  <RelativePath>..\Drivers\STM32F0xx_HAL_Driver\Inc\stm32f0xx_hal_pwr_ex.h</RelativePath>
                </VirtualFileSnapshot>
                <VirtualFileSnapshot>
                  <RelativePath>..\Drivers\STM32F0xx_HAL_Driver\Src\stm32f0xx_hal_pwr.c</RelativePath>
                </VirtualFileSnapshot>
                <VirtualFileSnapshot>
                  <RelativePath>..\Drivers\STM32F0xx_HAL_Driver\Src\stm32f0xx_hal_pwr_ex.c</RelativePath>
                </VirtualFileSnapshot>
              </Files>
            </VirtualDirectorySnapshot>
            <VirtualDirectorySnapshot>
              <Name>SPI</Name>
              <Files>
                <VirtualFileSnapshot>
                  <RelativePath>..\Drivers\STM32F0xx_HAL_Driver\Inc\stm32f0xx_hal_spi.h</RelativePath>
                </VirtualFileSnapshot>
                <VirtualFileSnapshot>
                  <RelativePath>..\Drivers\STM32F0xx_HAL_Driver\Src\stm32f0xx_hal_spi.c</RelativePath>
                </VirtualFileSnapshot>
                <VirtualFileSnapshot>
                  <RelativePath>..\Drivers\STM32F0xx_HAL_Driver\Inc\stm32f0xx_hal_spi_ex.h</RelativePath>
                </VirtualFileSnapshot>
                <VirtualFileSnapshot>
                  <RelativePath>..\Drivers\STM32F0xx_HAL_Driver\Src\stm32f0xx_hal_spi_ex.c</RelativePath>
                </VirtualFileSnapshot>
              </Files>
            </VirtualDirectorySnapshot>
            <VirtualDirectorySnapshot>
              <Name>FLASH</Name>
              <Files>
                <VirtualFileSnapshot>
                  <RelativePath>..\Drivers\STM32F0xx_HAL_Driver\Inc\stm32f0xx_hal_flash.h</RelativePath>
                </VirtualFileSnapshot>
                <VirtualFileSnapshot>
                  <RelativePath>..\Drivers\STM32F0xx_HAL_Driver\Inc\stm32f0xx_hal_flash_ex.h</RelativePath>
                </VirtualFileSnapshot>
                <VirtualFileSnapshot>
                  <RelativePath>..\Drivers\STM32F0xx_HAL_Driver\Src\stm32f0xx_hal_flash.c</RelativePath>
                </VirtualFileSnapshot>
                <VirtualFileSnapshot>
                  <RelativePath>..\Drivers\STM32F0xx_HAL_Driver\Src\stm32f0xx_hal_flash_ex.c</RelativePath>
                </VirtualFileSnapshot>
              </Files>
            </VirtualDirectorySnapshot>
            <VirtualDirectorySnapshot>
              <Name>GPIO</Name>
              <Files>
                <VirtualFileSnapshot>
                  <RelativePath>..\Drivers\STM32F0xx_HAL_Driver\Inc\stm32f0xx_hal_gpio.h</RelativePath>
                </VirtualFileSnapshot>
                <VirtualFileSnapshot>
                  <RelativePath>..\Drivers\STM32F0xx_HAL_Driver\Src\stm32f0xx_hal_gpio.c</RelativePath>
                </VirtualFileSnapshot>
                <VirtualFileSnapshot>
                  <RelativePath>..\Drivers\STM32F0xx_HAL_Driver\Inc\stm32f0xx_hal_gpio_ex.h</RelativePath>
                </VirtualFileSnapshot>
              </Files>
            </VirtualDirectorySnapshot>
          </Subdirectories>
          <Files />
        </VirtualDirectorySnapshot>
      </Subdirectories>
      <Files>
        <VirtualFileSnapshot>
          <RelativePath>..\Inc\gpio.h</RelativePath>
        </VirtualFileSnapshot>
        <VirtualFileSnapshot>
          <RelativePath>..\Inc\dma.h</RelativePath>
        </VirtualFileSnapshot>
        <VirtualFileSnapshot>
          <RelativePath>..\Inc\iwdg.h</RelativePath>
        </VirtualFileSnapshot>
        <VirtualFileSnapshot>
          <RelativePath>..\Inc\spi.h</RelativePath>
        </VirtualFileSnapshot>
        <VirtualFileSnapshot>
          <RelativePath>..\Inc\usart.h</RelativePath>
        </VirtualFileSnapshot>
        <VirtualFileSnapshot>
          <RelativePath>..\Inc\stm32f0xx_it.h</RelativePath>
        </VirtualFileSnapshot>
        <VirtualFileSnapshot>
          <RelativePath>..\Inc\stm32f0xx_hal_conf.h</RelativePath>
        </VirtualFileSnapshot>
        <VirtualFileSnapshot>
          <RelativePath>..\Inc\main.h</RelativePath>
        </VirtualFileSnapshot>
        <VirtualFileSnapshot>
          <RelativePath>..\Src\gpio.c</RelativePath>
        </VirtualFileSnapshot>
        <VirtualFileSnapshot>
          <RelativePath>..\Src\dma.c</RelativePath>
        </VirtualFileSnapshot>
        <VirtualFileSnapshot>
          <RelativePath>..\Src\iwdg.c</RelativePath>
        </VirtualFileSnapshot>
        <VirtualFileSnapshot>
          <RelativePath>..\Src\spi.c</RelativePath>
        </VirtualFileSnapshot>
        <VirtualFileSnapshot>
          <RelativePath>..\Src\usart.c</RelativePath>
        </VirtualFileSnapshot>
        <VirtualFileSnapshot>
          <RelativePath>..\Src\stm32f0xx_it.c</RelativePath>
        </VirtualFileSnapshot>
        <VirtualFileSnapshot>
          <RelativePath>..\Src\stm32f0xx_hal_msp.c</RelativePath>
        </VirtualFileSnapshot>
        <VirtualFileSnapshot>
          <RelativePath>..\Src\main.c</RelativePath>
        </VirtualFileSnapshot>
      </Files>
    </RootDirectory>
    <Configurations>
      <ImportedConfiguration>
        <Settings>
          <IncludeDirectories>
            <string>F:\work\ZXJ\DiCiChuanGanQi\vsDCCGQ\..\Inc</string>
            <string>F:\work\ZXJ\DiCiChuanGanQi\vsDCCGQ\..\Drivers\CMSIS\Include</string>
            <string>F:\work\ZXJ\DiCiChuanGanQi\vsDCCGQ\..\Drivers\CMSIS\Device\ST\STM32F0xx\Include</string>
            <string>F:\work\ZXJ\DiCiChuanGanQi\vsDCCGQ\..\Drivers\STM32F0xx_HAL_Driver\Inc</string>
            <string>F:\work\ZXJ\DiCiChuanGanQi\vsDCCGQ\..\Drivers\STM32F0xx_HAL_Driver\Inc\Legacy</string>
          </IncludeDirectories>
          <PreprocessorMacros>
            <string>$$com.sysprogs.bspoptions.primary_memory$$_layout</string>
            <string>$$com.sysprogs.stm32.hal_device_family$$</string>
          </PreprocessorMacros>
          <GeneratePreprocessorOutput>false</GeneratePreprocessorOutput>
          <IsDebugConfiguration>false</IsDebugConfiguration>
        </Settings>
      </ImportedConfiguration>
    </Configurations>
  </ImportedProject>
</EmbeddedProfile>